gradient_rmse,gradient_drmse,gradient_rrmse,gradient_corr,crossfall_rmse,crossfall_drmse,crossfall_rrmse,crossfall_corr
0.5711724957892667,1.320911811532668,0.43240774350145994,0.9056098541910728,0.44474460039643327,1.0157840204103112,0.4378338224072329,0.9073219680149492
